Complexity,Loss,Equation
1,0.1937218308553839,"x1"
3,0.0013067144102074416,"x1 * 1.3749813950262988"
8,0.0006006783994278806,"x1 + (exp(0.2788344093767789 ^ x1) ^ -3.6393773516548107)"
15,0.0002214904777041065,"((x1 / -9.488966774327128) * (cos((x1 + 1.854869666588625) - cos(x1)) + -2.852123014648738)) + x1"
17,9.5848058497362e-6,"(x1 ^ (((x1 * ((x1 ^ 0.04060630046964477) + 0.4012475098273679)) * -0.10500002854824922) + 1.2538670610566978)) + (x1 * 0.38451319037325715)"
